mail,isbn,note,avis
dassami.ponin.9672@yahoo.com,7124306951211,0,Null
tuban.jodseph.3398@free.fr,1342330687704,9,Parfait
ravisat.arkade.8788@hotmail.fr,0794695236145,10,...
bulavska.tuhin.5206@yahoo.com,3060797759875,14,...
gandon_bi.pyramo.3379@hotmail.fr,7228015929947,6,Bien
de_cazanove.vordea.6339@free.fr,0069051140860,11,Parfait
parra_artero.thevendran.9860@free.fr,6854581439829,6,Incroyable
moura_liborio.elzein.4305@Gmail.com,7428436088790,14,Incroyable
mechaigui.chilline.7419@yahoo.com,6629573602865,5,...
necoara.romptane.2885@hotmail.fr,4261183273738,12,...
khbach.silvester.724@yahoo.com,5398453274883,8,Bien
vackenberg.judenor.6175@yahoo.com,6844447903105,14,Parfait
dos_santos_de_andrade.kalidja.253@free.fr,5702558994977,20,Parfait
reolid.ardahan.8499@hotmail.fr,0100432715711,2,Null
de_camy.rodofphe.2533@free.fr,0069051140860,7,Bien
rybarski.walbert.8161@free.fr,5169972664619,13,...
zai_epse.chandrasekhar.1781@Gmail.com,4415726914223,20,...
del_mistro.sacide.2877@hotmail.fr,8259241182474,3,Incroyable
hasfogiel.onn.1352@yahoo.com,8437852232670,14,Incroyable
serpebois.vijayen.3006@Gmail.com,2581086282561,7,Null
kachnic.linrong.5921@Gmail.com,0747078103606,3,Null
lisher.bountam.6318@Gmail.com,2706596338897,13,Incroyable
nurce.kamuanya.2446@yahoo.com,4043378572485,4,...
fernandes_caridade.makirdich.5744@hotmail.fr,1322080579351,13,...
strilli.seimon.4007@hotmail.fr,9911978025186,20,Parfait
tremisi.zyaad.7905@yahoo.com,8264288756415,5,Bien
rasoazanamasy.sakibou.2963@hotmail.fr,3472861371151,11,Parfait
hues.allards.978@Gmail.com,3057391180378,11,Parfait
luu_shirley.brayane.2200@hotmail.fr,9583425821531,3,Null
kouou.tyrann.6382@Gmail.com,1142910317998,14,Incroyable
tramontana.chtistiane.3285@hotmail.fr,8551761400367,17,Parfait
roads.hila.5565@free.fr,0547807585435,1,Parfait
ranarison_tolojanahary.yumiko.8581@hotmail.fr,7124306951211,9,...
priso_elame.anotree.5680@free.fr,7723453371627,9,...
schincariol.songmei.4594@yahoo.com,4877379163465,7,Incroyable
tonitza.dalrley.2081@yahoo.com,0100432715711,11,Bien
gilbert_desvallons.chonzor.5682@yahoo.com,9891488434484,17,Null
jimenez_echeverria.elysabeth.616@yahoo.com,3472861371151,13,...
le_pevedic.ayedohin.349@yahoo.com,3576524856284,18,...
bebing.moussa.9578@free.fr,6371476432593,12,Bien
zeiser.asuka.9334@hotmail.fr,0372215446125,0,...
bievre_marce.meiddi.3332@free.fr,4387486987861,19,Bien
farghin.voyer.7871@Gmail.com,7309499375645,1,Incroyable
cicquel.betenet.7287@hotmail.fr,7262783233232,6,Bien
queyrat.marvaldi.1214@Gmail.com,4785727207665,9,Parfait
iturriaga_guerrero.istfan.2915@free.fr,8012498397713,20,Bien
stellardo.soussaba.7023@hotmail.fr,0478417968727,0,Bien
zahdali.peyraud.9565@free.fr,7502935763140,16,Parfait
rahime.minguang.4793@yahoo.com,4572826260518,19,...
griffon_renaud.rejaene.130@free.fr,5223114922196,3,...
ponpon.aloysius.5262@hotmail.fr,4999366121034,5,Null
rezzonico.maveryck.2323@yahoo.com,9132788063786,1,Parfait
kowalki.chanet.722@Gmail.com,0638326482567,4,...
bazoungoula.gabeira.34@free.fr,0372215446125,13,Incroyable
camison.biancardini.6199@hotmail.fr,5076794691909,12,Null
latuille.verouschka.2862@hotmail.fr,1939884746458,10,Parfait
da_silva_fatana.late.5887@free.fr,5702558994977,6,...
pentecani.delly.7278@yahoo.com,6384058192362,9,...
peixoto_dos_santos.lentina.7335@free.fr,9584378614075,17,Parfait
subkowa.amsata.6958@hotmail.fr,8464413909707,7,Bien
casas_alzugarai.dumousseau.3380@free.fr,7124306951211,0,Incroyable
politeo.salzmann.6326@Gmail.com,8423251785018,14,Null
bomze.phedra.1254@hotmail.fr,5165628787476,5,Null
frautz.roppwantee.9088@free.fr,2457037620448,0,Bien
faucillon.sirima.5319@free.fr,4380102591337,15,Parfait
henneau.fayal.5769@Gmail.com,0547807585435,5,Parfait
demolaize.rareta.867@free.fr,5712598679612,14,Null
lahnay.zunwei.6116@Gmail.com,1322080579351,12,Parfait
bouvier_pachoud.kateh.8970@Gmail.com,9376899752357,16,Bien
eboli.franckies.721@Gmail.com,7262783233232,3,...
montaille.tacamy.2494@hotmail.fr,2695869957025,7,Null
urricarriet.berenge.3524@free.fr,2486757908437,12,Null
hammady.mayacine.4612@hotmail.fr,3472861371151,3,Parfait
greteau.kensuke.2947@yahoo.com,4749269355688,1,Bien
favata.parvize.7725@Gmail.com,7596614841228,4,Null
cherbourg.nikolche.8232@Gmail.com,0069051140860,1,Bien
cicquel.betenet.7287@hotmail.fr,3367915176844,10,Parfait
polosan.jaye.3570@yahoo.com,8166462839478,14,Bien
bedelian.mamisoa.3180@hotmail.fr,9302448195239,9,...
bachalat.fobate.8678@Gmail.com,5784478653317,2,Parfait
zanou_takuefou.archagouhi.8006@Gmail.com,5648612192153,6,Incroyable
de_gerando.berrincha.3145@free.fr,4909960293060,5,...
jados.tonguim.2185@free.fr,3294385251625,14,Bien
dubetier.elarry.3107@hotmail.fr,4935931986270,20,...
hygounet.prunelle.4499@yahoo.com,9762314776500,1,Null
oulhi.melati.5330@yahoo.com,5398453274883,13,Incroyable
kouou.tyrann.6382@Gmail.com,9376899752357,18,...
goslino.abdoule.4062@hotmail.fr,5702558994977,5,Incroyable
rizzieri.sisarak.3361@free.fr,8930841327116,3,Null
pailla.faiht.9238@yahoo.com,5181011021848,20,Incroyable
ravisat.arkade.8788@hotmail.fr,9302448195239,3,Parfait
babbou.rafiullah.7579@hotmail.fr,3160384984181,5,Parfait
mbuyi_ilunga.niandre.2351@yahoo.com,4877379163465,5,Incroyable
andrianirainy_rabary.mibumiu.1699@hotmail.fr,1984801414813,4,Null
gerbolet.somchanh.9719@hotmail.fr,7304010999201,1,...
oliveira_cunha.juilien.1325@Gmail.com,2315065067246,5,Null
agbadje.alexsi.5280@hotmail.fr,4712354058051,20,...
lagrande.meguerditche.2230@free.fr,3292525878379,2,Incroyable
sousa_de_lima.zilma.2075@hotmail.fr,1563636240323,8,Parfait
moura_liborio.elzein.4305@Gmail.com,8511960660085,0,...
tollis.aliens.9879@hotmail.fr,3547970334288,5,Incroyable
jeiger.robim.7093@yahoo.com,9346036732930,1,Parfait
el_aryani.ramakanth.4993@free.fr,6143259988515,19,Parfait
favenne.guillaumette.8714@free.fr,2492693776728,4,Null
jongmans.tengfei.8949@free.fr,0100432715711,8,Null
vindigni.lazrec.2815@yahoo.com,0989721573616,17,Null
pfortner.estelline.3961@free.fr,8437852232670,16,Bien
nogueira_alves.mezia.4252@hotmail.fr,4430955617515,5,Bien
griffon_renaud.rejaene.130@free.fr,3160384984181,19,Bien
jabeau.souheim.7380@free.fr,1322080579351,20,Bien
jean_chevallier.spinzi.8998@free.fr,7061566057224,12,Bien
oponi.ouadhae.8310@yahoo.com,8745268848879,10,Incroyable
palomo_navarro.fumie.8341@yahoo.com,7102165002748,9,Null
ve_couette.dusolina.4102@hotmail.fr,0282896375649,19,Bien
tonnin_de_jouennes.carabi.5738@free.fr,3853366626119,3,...
ranguis.manfredina.8906@yahoo.com,2426638351351,18,Parfait
cervenansky.dongsheng.8744@free.fr,7820035963572,10,Incroyable
ceresco.robertheau.4824@Gmail.com,3613330728879,14,Null
luxemberg.zalia.8342@free.fr,5510470487040,15,Null
poniard.semevo.3132@free.fr,4548147921217,20,Parfait
benchabakh.piriat.9754@hotmail.fr,8437852232670,13,...
bensahkoun.lembarek.3858@yahoo.com,5836922729204,13,Parfait
eisland.yachine.3075@free.fr,0282896375649,3,Incroyable
jacquelain.arthem.2274@hotmail.fr,0747078103606,17,Incroyable
aboukhamis.mahendran.94@hotmail.fr,0717976425719,10,Bien
de_gislain_de_bontin.myriame.4588@yahoo.com,3079729676910,8,...
broulis.arletty.3375@yahoo.com,3690596459377,15,Parfait
cauchie.xiagiao.1986@hotmail.fr,1322080579351,17,Bien
damian.dulces.1048@yahoo.com,3472861371151,15,Bien
khareze.ophelta.4598@Gmail.com,9422878199017,6,Bien
uthayan.liatard.3187@Gmail.com,8511960660085,16,Incroyable
lahnay.zunwei.6116@Gmail.com,6143259988515,7,...
nzala.gerin.2722@Gmail.com,9960877171612,16,Null
hedayati_nejad_sorkhab.hanith.891@hotmail.fr,2107031077818,4,Parfait
d_anto.horso.4914@Gmail.com,5510470487040,9,Bien
guinebertier.makendy.7326@yahoo.com,5784478653317,8,...
sanchez_mahecha.swetlana.3768@hotmail.fr,0217457615175,4,Incroyable
tchernishoff.gesine.3121@yahoo.com,3367915176844,15,Null
bwanamoto.verwaerde.8587@free.fr,5169972664619,19,Incroyable
gloahec.frecia.4704@yahoo.com,8511960660085,14,...
littardi.catterino.5953@Gmail.com,4367974881370,3,...
essabeur.magedeline.3378@Gmail.com,7102165002748,13,Null
kaesberg.moirangui.5068@yahoo.com,0794695236145,1,...
chicotot.eldrine.4724@free.fr,4935931986270,19,Null
dias_ramos.giovannia.3236@free.fr,2955402388638,13,Null
porgye.liamani.3729@yahoo.com,8236990732018,1,Null
verissimo_souto.lacorte.2869@Gmail.com,9135910424821,3,...
sabido_luis.ellisabeth.361@free.fr,0717976425719,10,Bien
joseph_louisa.tounkang.3195@hotmail.fr,8464413909707,5,...
le_baleur.bettal.1091@Gmail.com,5076794691909,4,...
djinguederian.hervet.693@yahoo.com,2456891634512,9,Parfait
lecoublet.andgelo.5160@free.fr,0217457615175,20,Parfait
tchagnaou.lavanjan.8546@free.fr,3994669581098,12,...
vallansant.anfouzati.9199@yahoo.com,2337914434734,3,Bien
kalene.hilton.5905@free.fr,8943027987812,13,Null
vyhnalova.segio.6073@yahoo.com,2315065067246,20,Parfait
kachnic.linrong.5921@Gmail.com,0258622409205,12,Parfait
camison.biancardini.6199@hotmail.fr,9961135995185,6,Parfait
treska.sveltana.2756@hotmail.fr,7904280969649,11,...
vinal_tenza.radboud.7653@Gmail.com,2581086282561,1,Bien
